{
    "0": [
        0.004169,
        0.021632000000000002,
        -0.000952
    ],
    "1": [
        -0.007708,
        -0.032392,
        -0.0007170000000000001
    ],
    "2": [
        0.034255,
        -0.0007469999999999999,
        0.000808
    ],
    "3": [
        -0.031651000000000006,
        0.012909000000000002,
        -0.0008509999999999999
    ]
}