{
    "0": [
        0.0,
        -0.0019820000000000003,
        0.068039
    ],
    "1": [
        -0.0015419999999999998,
        -0.0035980000000000005,
        -0.056
    ],
    "2": [
        0.017020999999999998,
        0.07129800000000001,
        0.044347
    ]
}