{
    "0": [
        0.0,
        0.0,
        0.064
    ],
    "1": [
        0.0,
        0.0,
        -0.024999999999999998
    ],
    "2": [
        -0.0010000000000000002,
        0.056,
        0.057
    ]
}