{
    "0": [
        -0.0019149999999999998,
        -0.002614,
        0.092042
    ],
    "1": [
        -0.0026879999999999994,
        -0.000142,
        -0.04939700000000001
    ],
    "2": [
        0.06042999999999999,
        -0.010792,
        0.072368
    ]
}