{
    "0": [
        -0.004999999999999999,
        -0.001,
        0.055
    ],
    "1": [
        -0.004999999999999999,
        -0.001,
        -0.047999999999999994
    ],
    "2": [
        0.05593599999999999,
        0.029091000000000002,
        0.04386400000000001
    ]
}