{
    "0": [
        -0.004,
        0.04,
        -0.002
    ],
    "1": [
        -0.002,
        -0.04499999999999999,
        -0.002
    ],
    "2": [
        0.057,
        0.024999999999999998,
        0.002
    ]
}