{
    "0": [
        -0.00019700000000000007,
        -0.00168,
        0.09601699999999999
    ],
    "1": [
        0.0004909999999999999,
        -0.002726,
        -0.05656699999999999
    ],
    "2": [
        -0.0029650000000000006,
        0.058606,
        0.07328899999999999
    ]
}