{
    "0": [
        -0.0028980000000000004,
        0.011930999999999999,
        -0.066737
    ],
    "1": [
        0.0021790000000000004,
        -0.006698999999999998,
        0.042574
    ],
    "2": [
        0.011587,
        -0.047003,
        0.016152
    ],
    "3": [
        -0.006609,
        0.040677,
        0.028336
    ]
}